1,aaa,1111,Female,271-951-6767,jarnowicz0@senate.gov
2,bbb,2222,Male,971-652-3576,akruse1@princeton.edu
3,ccc,3333,Female,289-157-7171,nchern2@addthis.com
4,Van,1138,Female,726-937-1408,vtarburn3@marriott.com
5,Clary,4819,Female,264-734-6063,crambaut4@adobe.com
6,Andrej,8434,Male,434-944-7957,ainworth5@loc.gov
7,Rebeca,6692,Genderfluid,685-181-0539,rfriedman6@nasa.gov
8,Marti,6943,Female,392-487-3363,mboldison7@mapy.cz
9,Dorice,8894,Genderfluid,358-795-5392,dbaelde8@creativecommons.org
10,Paule,6137,Female,368-497-6406,phabbes9@4shared.com
11,Marcie,1382,Female,506-120-5567,mwillischa@virginia.edu
12,Northrup,3552,Male,739-809-0478,ngreensiteb@clickbank.net
13,Sergio,7309,Male,959-113-6270,sfannc@slashdot.org
14,Dugald,3780,Male,932-648-1173,dveversd@prweb.com
15,Mable,5000,Female,282-473-2708,mscimonellie@paginegialle.it
16,Kalle,1265,Male,621-197-0257,kdaymondf@forbes.com
17,Zach,5408,Genderqueer,985-775-6607,zmasleng@soup.io
18,Elsie,5606,Female,542-270-6608,eclemenzah@dyndns.org
19,Amby,7986,Polygender,499-270-4488,agonsalvoi@cocolog-nifty.com
20,Zack,8808,Male,967-203-4498,zquirkej@hc360.com
21,Sheff,2613,Male,810-500-3396,sdowreyk@wiley.com
22,Nina,8895,Female,420-962-3425,nhuygenl@usatoday.com
23,Creighton,1610,Male,982-547-4921,cblintm@quantcast.com
24,Steward,5965,Male,105-992-6105,spauweln@wunderground.com
25,Kaia,7688,Female,133-129-6241,ktrowlo@hc360.com
26,Bastian,2620,Male,169-712-6794,bpadghamp@alibaba.com
27,Huey,6500,Male,392-931-6337,hisacqq@mapy.cz
28,Hebert,9003,Male,720-886-4821,hpingstoner@deviantart.com
29,Laurence,6257,Male,575-437-7735,lwades@vistaprint.com
30,Shir,7281,Female,572-606-9822,sfernelyt@stanford.edu
31,Marla,3426,Female,698-273-7783,mcotterillu@ameblo.jp
32,Earlie,1005,Polygender,185-387-1217,ebraemerv@1688.com
33,Mose,6550,Male,853-874-0325,mbowdlerw@foxnews.com
34,Trevor,6620,Male,428-457-1167,tjerransx@theglobeandmail.com
35,Malvin,2527,Male,166-567-4901,mdufery@who.int
36,Anallese,9749,Female,986-349-6563,abakewellz@nydailynews.com
37,Gun,7335,Male,402-461-6154,ghiers10@tinyurl.com
38,Reese,5759,Male,130-642-5449,rshepstone11@cpanel.net
39,Nicoli,2688,Female,946-675-9108,nlymbourne12@marriott.com
40,Anders,3113,Genderfluid,360-764-7281,abarfford13@apache.org
41,Wendeline,4161,Female,922-635-5612,wstarking14@time.com
42,Eb,1519,Male,451-603-2273,ebilliard15@un.org
43,Rosita,1726,Female,114-444-3192,rbreacher16@washingtonpost.com
44,Christine,3496,Female,702-642-0633,channa17@4shared.com
45,Avram,3494,Male,262-693-8574,azellner18@google.es
46,Tory,4392,Female,454-875-7858,tcarrivick19@businessinsider.com
47,Wallis,2547,Male,241-820-5804,wwoodland1a@xinhuanet.com
48,Trefor,3547,Male,713-763-9647,ttodor1b@chron.com
49,Wynne,5960,Genderfluid,365-402-6717,wfollen1c@youtu.be
50,Asia,4342,Female,874-425-1703,abainbridge1d@blogtalkradio.com
51,Prentice,9328,Male,307-211-7871,pjonas1e@japanpost.jp
52,Belicia,4067,Female,899-280-0622,bkellick1f@e-recht24.de
53,Arlana,8264,Female,316-277-3714,aeilers1g@goodreads.com
54,Herold,6556,Male,684-961-5998,hchainey1h@bloglovin.com
55,Teddy,5694,Female,587-399-5226,tmonksfield1i@nasa.gov
56,Devinne,7744,Female,249-336-2652,dgilli1j@google.ru
57,Gothart,9213,Male,336-893-2761,gzanotti1k@jigsy.com
58,Corrinne,6945,Female,782-859-6706,cthickin1l@csmonitor.com
59,Lacee,3033,Female,339-697-7754,lspuffard1m@behance.net
60,Vachel,1676,Male,500-166-0894,vblundon1n@hexun.com
61,Gaelan,3350,Male,130-138-8361,gyakuntzov1o@ca.gov
62,Otho,4426,Male,218-834-3566,ohoffmann1p@cyberchimps.com
63,Alejoa,6544,Male,550-741-4376,aabson1q@vk.com
64,Burnaby,2880,Genderqueer,297-141-9645,bwason1r@guardian.co.uk
65,Waylan,7743,Male,141-455-1029,wmorhall1s@howstuffworks.com
66,Egan,5682,Male,553-131-4235,ebillyeald1t@devhub.com
67,Rabbi,5903,Male,581-644-3692,rofallowne1u@eepurl.com
68,Davide,2614,Male,771-756-4822,dbambury1v@jalbum.net
69,Anatollo,6539,Male,189-345-3578,astapylton1w@networkadvertising.org
70,Codi,3400,Male,839-368-5272,chumbatch1x@t.co
71,Hurleigh,8797,Male,407-978-2750,hbalkwill1y@vistaprint.com
72,Hedwig,8514,Female,630-960-2844,hkell1z@slate.com
73,Cathryn,7443,Female,976-706-0438,calves20@reddit.com
74,Ebenezer,3693,Male,215-456-0923,esmitheram21@google.it
75,Kata,1749,Female,809-142-7293,klantoph22@chronoengine.com
76,Katy,8047,Female,563-990-4926,kcovolini23@hud.gov
77,Maxie,1559,Non-binary,573-771-3716,mbettison24@mozilla.org
78,Carlene,2633,Genderfluid,469-842-7196,cscahill25@sohu.com
79,Rheba,1977,Female,273-805-8241,rgravener26@discovery.com
80,Giffy,5712,Male,989-596-8313,gpenny27@123-reg.co.uk
81,Neala,3116,Female,549-357-1005,ngrindlay28@accuweather.com
82,Brnaby,6600,Male,503-213-0988,bpesticcio29@posterous.com
83,Ranee,5474,Female,805-698-0433,rpreble2a@answers.com
84,Sherwin,5682,Male,168-287-5184,shatterslay2b@123-reg.co.uk
85,Shurwood,8783,Male,297-442-1063,scolbron2c@unblog.fr
86,Jillie,3082,Female,341-325-8188,jhalmkin2d@linkedin.com
87,Carney,9819,Male,366-857-9343,cwilleson2e@addthis.com
88,Stevie,9306,Male,256-996-9470,ssouthers2f@ning.com
89,Eloisa,1407,Female,983-273-5526,econen2g@tamu.edu
90,Gordie,1572,Male,987-861-6930,glang2h@deviantart.com
91,Uta,8397,Non-binary,799-624-6487,usteiner2i@nih.gov
92,Lorettalorna,8414,Female,966-627-9357,lcampagne2j@acquirethisname.com
93,Ranique,7337,Female,250-860-8219,rconachie2k@senate.gov
94,Fairlie,3983,Male,395-994-1283,fceely2l@yellowpages.com
95,Odilia,7035,Female,731-283-3954,olempertz2m@jalbum.net
96,Leanna,2697,Female,457-952-3868,lwyson2n@posterous.com
97,Vernor,6266,Male,705-117-0046,vcattermull2o@msu.edu
98,Bendick,9727,Male,762-249-7396,bimison2p@w3.org
99,Ned,4841,Male,341-204-4361,nbilbrooke2q@icio.us
100,Margarethe,7148,Female,927-260-5536,mflower2r@engadget.com